,precision,recall,f1-score,support
2,0.5,1.0,0.6666666666666666,1.0
3,0.0,0.0,0.0,1.0
4,1.0,0.5,0.6666666666666666,2.0
5,0.6666666666666666,1.0,0.8,2.0
6,1.0,0.3333333333333333,0.5,3.0
9,0.0,0.0,0.0,0.0
accuracy,0.5555555555555556,0.5555555555555556,0.5555555555555556,0.5555555555555556
macro avg,0.5277777777777778,0.47222222222222227,0.4388888888888889,9.0
weighted avg,0.7592592592592592,0.5555555555555556,0.5666666666666667,9.0
